1,0xa3643098607d915aa09847183572bd5896acb8209fca92f39092d46e40cc0c47
2,0x6aa4cfb8b46a2a9a9cf5a012c221567595e8eff1b22089de4d152ee1b6688ef4
3,0x4df97916536fae33789ab1e7d1a0080771f4d3ac580c6766ac1f02cfd9fd5720
4,0xcd59ba79506b9bfc5a32602ecb63a619872e4e3f8fcc4901c5eb9b061675ac1a
5,0x50126d1a5425a7f057536ce65795909f65a06d2be47678b494fb85869d5acaeb
6,0xba9fe89da70e06ee4380ab83e99e35a29e1be5bad4ff39105584503b23613f61
7,0x2cb7461ce21169465b6b0e00659c6a25355b999ce19346baf30ba0c12b52c045
8,0xd2a195debdb01e7718593ba731e0aa347237239837702a9bfc960bc6954cc44c
9,0x6869ef70d9fd6b75d2dd580aac690e7603b6c5ccad539146c4182fbb5d0d5ca2
10,0xc48ddfde30edf335294741b91aa75f015f51b80095c33b2fd180d09f8efc41c1
