1,0xcc86011ca68b44745b3e98fb481e6c9d03ce495e962bffceabc58b6b9483fdbb
2,0xb8463f162b8c4bd31c0f304f7dc60c0cf30e10b4b8df14f121991aec28998d88
3,0xdeb4d9bffd24393ad2bbb3eb8b5d27daa59e9cc53ae96356a4cba63f6d14659e
4,0x1d23e4a0863737b87e0d43e5014bab2f0acee07577623b769707f6238d97d205
5,0x6cad0fe51cdd2a223893803a5f274589afe22f40cf425924be7f8a1e2c5c0d78
6,0xc34576ab9325a7919692956cca43649e65af17808a26d57596e629dfe30db77e
7,0xfb84cefe9c4aaacc735e2e24821dcf9f5b10b2c4b4915b0d38836413192e7f10
8,0xc7e7b679251f0295d70d94f237b211f7e141b746682bdcf4dfced41fae357960
9,0x81d04684f1c9c31813c3cbafc3782f54888a48ffea75b655db67df09e21d3acc
10,0x425a7857899f154d4fa452a80018b383fc6929c88a413cdf003bf1143f698d17
